{
  "a_M_values": [
    0.1,
    0.3,
    0.5,
    0.7,
    0.9
  ],
  "kerr_coord_asymmetries": [
    0.006324555319986451,
    0.018973665961442163,
    0.03162277660237068,
    0.04427188724220205,
    0.05692099788238483
  ],
  "kerr_proper_asymmetries": [
    0.00903526342550491,
    0.027110217430624053,
    0.045198467366422704,
    0.06330892556463776,
    0.08145057736309745
  ],
  "kerr_error_bars_proper": [
    3.896739007858141e-11,
    1.0815636580785437e-11,
    3.3204057559022004e-11,
    5.876579778352209e-11,
    2.0311294313124506e-11
  ],
  "sagnac_coord_asymmetries": [
    0.006324555319712319,
    0.018973665961028025,
    0.03162277660225885,
    0.04427188724178636,
    0.05692099788308173
  ],
  "sagnac_proper_asymmetries": [
    0.006324555319708567,
    0.018973665961026738,
    0.03162277660225659,
    0.0442718872417833,
    0.05692099788307784
  ],
  "sagnac_error_bars_proper": [
    6.591801757216409e-13,
    2.903927098785175e-15,
    5.641875855388889e-13,
    6.66799948589869e-13,
    1.1823875212257917e-13
  ],
  "decision": "PASS",
  "distinguishable_all": true,
  "distinguishable_count": 5,
  "kerr_asymmetries": [
    0.00903526342550491,
    0.027110217430624053,
    0.045198467366422704,
    0.06330892556463776,
    0.08145057736309745
  ],
  "sagnac_asymmetries": [
    0.006324555319708567,
    0.018973665961026738,
    0.03162277660225659,
    0.0442718872417833,
    0.05692099788307784
  ],
  "error_bars": [
    3.896739007858141e-11,
    1.0815636580785437e-11,
    3.3204057559022004e-11,
    5.876579778352209e-11,
    2.0311294313124506e-11
  ]
}