{
  "config": {
    "M": 1.0,
    "a": 0.1,
    "source_r": 10.0,
    "source_theta": 1.5707963267948966,
    "target_dphi": 1.5707963267948966,
    "noise_std": 0.1,
    "step_size": 0.05,
    "max_steps": 2000,
    "null_tolerance": 0.01
  },
  "kerr_results": {
    "capacity_prograde": 0.0,
    "capacity_retrograde": 0.0,
    "proper_time_prograde": 0.0,
    "proper_time_retrograde": 0.0,
    "capacity_asymmetry": 0.0,
    "time_asymmetry": 0.0
  },
  "flat_results": {
    "latency_only_capacity": 2.8420913893578987,
    "boosted_prograde": 0.6288537735372169,
    "boosted_retrograde": 0.6526115445592535,
    "boosted_asymmetry": -0.018539534926569165
  },
  "asymmetry_comparison": {
    "kerr_capacity_asymmetry": 0.0,
    "flat_boost_asymmetry": -0.018539534926569165,
    "asymmetry_residual": 0.018539534926569165,
    "relative_residual": 185395349.26569164
  }
}