{
  "config": {
    "M": 1.0,
    "a": 0.9,
    "source_r": 10.0,
    "source_theta": 1.5707963267948966,
    "target_dphi": 1.5707963267948966,
    "noise_std": 0.1,
    "step_size": 0.05,
    "max_steps": 2000,
    "null_tolerance": 0.01
  },
  "kerr_results": {
    "capacity_prograde": 0.0,
    "capacity_retrograde": 0.0,
    "proper_time_prograde": 0.0,
    "proper_time_retrograde": 0.0,
    "capacity_asymmetry": 0.0,
    "time_asymmetry": 0.0
  },
  "flat_results": {
    "latency_only_capacity": 2.8258674206371923,
    "boosted_prograde": 0.6271506288127318,
    "boosted_retrograde": 0.6509854181384246,
    "boosted_asymmetry": -0.018648084750092078
  },
  "asymmetry_comparison": {
    "kerr_capacity_asymmetry": 0.0,
    "flat_boost_asymmetry": -0.018648084750092078,
    "asymmetry_residual": 0.018648084750092078,
    "relative_residual": 186480847.50092077
  }
}